{
    "SEO": {
        "Titulo": "LATAM Hospitals 2020 - Evento Virual de Salud",
        "PalabrasClave": "Evento virtual salud, salud, charlas, conferencias, latinoamerica, medicos, latam hospitals, novedades salud",
        "Descripcion": "Encuentro interdisciplinario de la Salud. Conferencias y MasterTalks de especialistas y grandes empresas del rubro."
    },
    "Franja": {
        "Titulo": "Encuentro interdisciplinario de la salud",
        "FechaDesktop": "23 de Noviembre al 2 de Diciembre",
        "FechaMobile": "23/11 al 2/12"
    },
    "CuentaRegresiva": {
        "Titulo": "Faltan sólo",
        "Dias": "días",
        "Horas": "horas",
        "Minutos": "mins",
        "Segundos": "segs"
    }
}